본관	파	이름	파(한자)	이표기	상위	계	파조	파조(한자)	수록 인물수	파조 노드
전주 이씨	완풍군파	완풍군파	完豊君派				완풍군		124001	
전주 이씨	덕천군파	덕천군파	德泉君派				덕천군		68936	wd:Q12592850
전주 이씨	의안대군파	의안대군파	義安大君派				의안대군		63709	wd:Q626461
전주 이씨	임영대군파	임영대군파	臨瀛大君派				임영대군		60138	wd:Q12613893
전주 이씨	무안대군파	무안대군파	撫安大君派				무안대군		53478	wd:Q498707
전주 이씨	경녕군파	경녕군파	敬寧君派				경녕군		45701	wd:Q12583601
전주 이씨	완창대군파	완창대군파	完昌大君派				완창대군		45238	wd:Q497438
전주 이씨	회안대군파	회안대군파	懷安大君派				회안대군		35924	wd:Q488700
전주 이씨	익안대군파	익안대군파	益安大君派				익안대군		34582	wd:Q488670
전주 이씨	여양군파	여양군파	呂陽君派		효령대군파		여양군		29903	
전주 이씨	시중공파	시중공파	侍中公派				시중공		29786	
전주 이씨	안풍대군파	안풍대군파	安豊大君派				안풍대군		28059	wd:Q8512720
전주 이씨	함양군파	함양군파	咸陽君派		양녕대군파		함양군		25959	
전주 이씨	선성군파	선성군파	宣城君派				선성군		24667	wd:Q16172721
전주 이씨	안원대군파	안원대군파	安原大君派				안원대군		24241	wd:Q8512697
전주 이씨	근녕군파	근녕군파	謹寧君派				근녕군		23808	
전주 이씨	함양대군파	함양대군파	咸陽大君派				함양대군		21060	wd:Q8512794
전주 이씨	안천대군파	안천대군파	安川大君派				안천대군		18675	wd:Q8512711
전주 이씨	의평군파	의평군파	義平君派				의평군		18248	wd:Q12610810
전주 이씨	덕원군파	덕원군파	德原君派				덕원군		17883	wd:Q16179557
전주 이씨	담양군파	담양군파	潭陽君派				담양군		16934	
전주 이씨	진안대군파	진안대군파	鎭安大君派				진안대군		16199	wd:Q483467
전주 이씨	성녕대군파	성녕대군파	誠寧大君派				성녕대군		16161	wd:Q12601920
전주 이씨	덕흥대원군파	덕흥대원군파	德興大院君派				덕흥대원군		15474	wd:Q624541
전주 이씨	수도군파	수도군파	守道君派				수도군		14964	wd:Q12603127
전주 이씨	온녕군파	온녕군파	溫寧君派				온녕군		14938	wd:Q12608235
전주 이씨	덕양군파	덕양군파	德陽君派				덕양군		14619	wd:Q12592824
전주 이씨	완원군파	완원군파	完原君派				완원군		14474	wd:Q12608395
전주 이씨	수춘군파	수춘군파	壽春君派				수춘군		14317	
전주 이씨	순성군파	순성군파	順城君派		양녕대군파		순성군		14273	
전주 이씨	밀성군파	밀성군파	密城君派				밀성군		14256	wd:Q12596358
전주 이씨	장양도정파	장양도정파	長陽都正派		효령대군파		장양도정		12785	
전주 이씨	무림군파	무림군파	茂林君派				무림군		12385	
전주 이씨	유성군파	유성군파	儒城君派		효령대군파		유성군		12318	
전주 이씨	영응대군파	영응대군파	永應大君派				영응대군		11587	wd:Q12607473
전주 이씨	익양군파	익양군파	益陽君派				익양군		11575	wd:Q61091886
전주 이씨	영해군파	영해군파	寧海君派				영해군		10945	wd:Q12607566
전주 이씨	춘성정파	춘성정파	春城正派		효령대군파		춘성정		10281	
전주 이씨	임언군파	임언군파	桂城君派				임언군		10051	wd:Q12613890
전주 이씨	안창대군파	안창대군파	安昌大君派				안창대군		9877	wd:Q8512704
전주 이씨	화의군파	화의군파	和義君派				화의군		9284	wd:Q16181541
전주 이씨	고정부정파	고정부정파	古丁副正派		양녕대군파		고정부정		9073	
전주 이씨	안흥대군파	안흥대군파	安興大君派				안흥대군		8834	wd:Q8512727
전주 이씨	석보군파	석보군파	桂城君派				석보군		8770	wd:Q12601583
전주 이씨	익녕군파	익녕군파	益寧君派				익녕군		8214	
전주 이씨	송산도정파	송산도정파	松山都正派		효령대군파		송산도정		7946	
전주 이씨	무산군파	무산군파	茂山君派				무산군		7887	wd:Q12595546
전주 이씨	순평군파	순평군파	順平君派				순평군		7777	wd:Q12603484
전주 이씨	완원대군파	완원대군파	完原大君派				완원대군		7751	wd:Q8512743
전주 이씨	진남군파	진남군파	鎭南君派				진남군		7525	
전주 이씨	장천군파	장천군파	桂城君派				장천군		7446	
전주 이씨	정석군파	정석군파	桂城君派				정석군		7381	wd:Q12615702
전주 이씨	양원군파	양원군파	楊原君派				양원군		7018	wd:Q24865870
전주 이씨	희령군파	희령군파	熙寧君派				희령군		6963	wd:Q16185153
전주 이씨	장평부정파	장평부정파	長平副正派		양녕대군파		장평부정		6594	
전주 이씨	돌산부정파	돌산부정파	突山副正派		양녕대군파		돌산부정		6248	
전주 이씨	주계군파	주계군파	朱溪君派		효령대군파		주계군		6183	
전주 이씨	안창정파	안창정파	安昌正派		양녕대군파		안창정		6018	
전주 이씨	영산군파	영산군파	寧山君派				영산군		5983	
전주 이씨	계양군파	계양군파	桂陽君派				계양군		5663	wd:Q12584013
전주 이씨	함성대군파	함성대군파	咸城大君派				함성대군		5476	wd:Q8512788
전주 이씨	함릉대군파	함릉대군파	咸陵大君派				함릉대군		5323	wd:Q8512781
전주 이씨	강성도정파	강성도정파	江城都正派		효령대군파		강성도정		5283	
전주 이씨	서산군파	서산군파	瑞山君派		양녕대군파		서산군		5239	wd:Q16170211
전주 이씨	기천부정파	기천부정파	箕川副正派		효령대군파		기천부정		4845	
전주 이씨	함원대군파	함원대군파	咸原大君派				함원대군		4822	wd:Q8512801
전주 이씨	도평군파	도평군파	桂城君派				도평군		4733	
전주 이씨	관성도정파	관성도정파	觀城都正派		효령대군파		관성도정		4671	
전주 이씨	한남군파	한남군파	漢南君派				한남군		4659	wd:Q16171523
전주 이씨	회산군파	회산군파	檜山君派				회산군		4481	
전주 이씨	금성대군파	금성대군파	錦城大君派				금성대군		4323	wd:Q12586496
전주 이씨	칠산군파	칠산군파	漆山君派	㓒山君派	효령대군파		칠산군		4203	
전주 이씨	운천군파	운천군파	雲川君派				운천군		4160	wd:Q16164384
전주 이씨	무산부정파	무산부정파	茂山副正派		효령대군파		무산부정		4128	
전주 이씨	계성군파	계성군파	桂城君派				계성군		4056	wd:Q12583997
전주 이씨	양록부정파	양록부정파	陽麓副正派		효령대군파		양록부정		4011	
전주 이씨	완천대군파	완천대군파	完川大君派				완천대군		3925	wd:Q8512750
전주 이씨	인성군파	인성군파	仁城君派				인성군		3833	wd:Q16188659
전주 이씨	금란부정파	금란부정파	金蘭副正派		효령대군파		금란부정		3663	
전주 이씨	장제부정파	장제부정파	長堤副正派		효령대군파		장제부정		3662	
전주 이씨	익현군파	익현군파	益峴君派				익현군		3652	wd:Q12613322
전주 이씨	경명군파	경명군파	景明君派				경명군		3613	wd:Q12583628
전주 이씨	종의군파	종의군파	桂城君派				종의군		3591	wd:Q16184707
전주 이씨	의창군파	의창군파	義昌君派				의창군		3583	
전주 이씨	의신군파	의신군파	義新君派		효령대군파		의신군		3529	
전주 이씨	경평군파	경평군파	慶平君派				경평군		3517	
전주 이씨	의안군파	의안군파	義安君派				의안군		3494	
전주 이씨	함원군파	함원군파	咸原君派		효령대군파		함원군		3421	
전주 이씨	월산대군파	월산대군파	月山大君派				월산대군		3416	wd:Q16167043
전주 이씨	옥산부정파	옥산부정파	玉山副正派		효령대군파		옥산부정		3395	
전주 이씨	견성군파	견성군파	甄城君派				견성군		3309	
전주 이씨	경창군파	경창군파	慶昌君派				경창군		3187	wd:Q16180332
전주 이씨	혜령군파	혜령군파	惠寧君派				혜령군		3149	
전주 이씨	견양군파	견양군파	甄陽君派		효령대군파		견양군		3113	
전주 이씨	삼계부정파	삼계부정파	森溪副正派		효령대군파		삼계부정		3083	
전주 이씨	안양군파	안양군파	安陽君派				안양군		3083	wd:Q6783327
전주 이씨	평고도정파	평고도정파	平皐都正派	平臯都正派	효령대군파		평고도정		2948	
전주 이씨	이성군파	이성군파	利城君派				이성군		2826	wd:Q12611762
전주 이씨	두원부정파	두원부정파	豆原副正派		효령대군파		두원부정		2797	
전주 이씨	명원군파	명원군파	明原君派		효령대군파		명원군		2789	
전주 이씨	밀산부수파	밀산부수파	密山副守派				밀산부수		2766	
전주 이씨	임성군파	임성군파	桂城君派				임성군		2735	wd:Q12613853
전주 이씨	파성군파	파성군파	把城君派		효령대군파		파성군		2450	
전주 이씨	평장사공파	평장사공파 (전주 이씨)	平章事公派				평장사공		2386	
전주 이씨	고양부정파	고양부정파	高陽副正派		효령대군파		고양부정		2353	
전주 이씨	후령군파	후령군파	厚寧君派				후령군		2341	
전주 이씨	황려도정파	황려도정파	黃驪副正派				황려도정		2153	
전주 이씨	전성군파	전성군파	全城君派				전성군		2138	wd:Q16173698
전주 이씨	인흥군파	인흥군파	仁興君派				인흥군		2037	
전주 이씨	재양부정파	재양부정파	載陽副正派		효령대군파		재양부정		1962	
전주 이씨	완성대군파	완성대군파	完城大君派				완성대군		1845	wd:Q8512736
전주 이씨	함녕대군파	함녕대군파	咸寧大君派				함녕대군		1739	wd:Q8512773
전주 이씨	임도수파	임도수파	臨道守派		효령대군파		임도수		1730	
전주 이씨	효령대군 본파	효령대군 본파	孝寧大君本派		효령대군파		효령대군		1658	wd:Q483255
전주 이씨	봉안군파	봉안군파	鳳安君派				봉안군		1629	
전주 이씨	은풍도정파	은풍도정파	殷豐都正派	殷豊都正派	효령대군파		은풍도정		1598	
전주 이씨	음평부수파	음평부수파	陰平副守派		효령대군파		음평부수		1522	
전주 이씨	여흥수파	여흥수파	驪興守派		효령대군파		여흥수		1512	
전주 이씨	사천군파	사천군파	泗川君派		효령대군파		사천군		1465	
전주 이씨	능창대군파	능창대군파	綾昌大君派				능창대군		1326	wd:Q12590731
전주 이씨	철성도정파	철성도정파	鐵城都正派		효령대군파		철성도정		1300	
전주 이씨	예성군파	예성군파	芮城君派		효령대군파		예성군		1251	
전주 이씨	양녕대군 본파	양녕대군 본파	讓寧大君本派		양녕대군파		양녕대군		1235	wd:Q486251
전주 이씨	영양군파	영양군파	永陽君派				영양군		1185	
전주 이씨	금양부정파	금양부정파	金壤副正派		효령대군파		금양부정		1156	
전주 이씨	금원군파	금원군파	錦原君派				금원군		1104	wd:Q16170845
전주 이씨	서천부수파	서천부수파	西川副守派		효령대군파		서천부수		1052	
전주 이씨	임강부정파	임강부정파	臨江副正派		효령대군파		임강부정		1019	
전주 이씨	봉성군파	봉성군파	鳳城君派				봉성군		973	wd:Q18233831
전주 이씨	영성군파	영성군파	寧城君派				영성군		971	wd:Q12607393
전주 이씨	고안부정파	고안부정파	高安副正派		효령대군파		고안부정		962	
전주 이씨	창원군파	창원군파	昌原君派				창원군		960	wd:Q12618657
전주 이씨	함천대군파	함천대군파	咸川大君派				함천대군		887	wd:Q8512813
전주 이씨	김녕부정파	김녕부정파	金寧副正派	金寗副正派	효령대군파		김녕부정		862	
전주 이씨	함녕군파	함녕군파	諴寧君派				함녕군		853	
전주 이씨	함창대군파	함창대군파	咸昌大君派				함창대군		822	wd:Q8512807
전주 이씨	운성부령파	운성부령파	雲城副令派		효령대군파		운성부령		791	
전주 이씨	소현세자파	소현세자파	昭顯世子派				소현세자		776	wd:Q483181
전주 이씨	해양부정파	해양부정파	海陽副正派		효령대군파		해양부정		668	
전주 이씨	당녕부정파	당녕부정파	唐寧副正派		효령대군파		당녕부정		652	
전주 이씨	유성부령파	유성부령파	柳城副令派		효령대군파		유성부령		608	
전주 이씨	용성대군파	용성대군파	龍城大君派				용성대군		582	wd:Q12608714
전주 이씨	융성부수파	융성부수파	戎城副守派		효령대군파		융성부수		537	
전주 이씨	복성군파	복성군파	福城君派				복성군		524	wd:Q487569
전주 이씨	남양부정파	남양부정파	南陽副正派		효령대군파		남양부정		498	
전주 이씨	철성령파	철성령파	鐵城令派				철성령		493	
전주 이씨	등수부정파	등수부정파	登水副正派		효령대군파		등수부정		424	
전주 이씨	임해군파	임해군파	臨海君派				임해군		403	wd:Q485505
전주 이씨	응천부령파	응천부령파	凝川副令派	凝天副令派	효령대군파		응천부령		400	
전주 이씨	상질령파	상질령파	尙質令派		효령대군파		상질령		383	
전주 이씨	영산부정파	영산부정파	榮山副正派		효령대군파		영산부정		380	
전주 이씨	강녕부정파	강녕부정파	康寧副正派				강녕부정		327	
전주 이씨	문현령파	문현령파	文峴令派		효령대군파		문현령		312	
전주 이씨	등림수파	등림수파	登臨守派		효령대군파		등림수		296	
전주 이씨	대흥령파	대흥령파	大興令派		효령대군파		대흥령		288	
전주 이씨	연제군파	연제군파	硯堤君派		효령대군파		연제군		269	
전주 이씨	숭선군파	숭선군파	崇善君派				숭선군		261	wd:Q12603522
전주 이씨	승평부령파	승평부령파	昇平副令派		효령대군파		승평부령		241	
전주 이씨	종성령파	종성령파	鍾城令派		효령대군파		종성령		220	
전주 이씨	광양령파	광양령파	光陽令派		효령대군파		광양령		189	
전주 이씨	밀산부정파	밀산부정파	密山副正派		효령대군파		밀산부정		154	
전주 이씨	석제군파	석제군파	碩堤君派				석제군		131	
전주 이씨	영성부수파	영성부수파	寧城副守派		효령대군파		영성부수		117	
전주 이씨	안평대군파	안평대군파	安平大君派				안평대군		116	wd:Q624197
전주 이씨	연령군파	연령군파	延齡君派				연령군		109	wd:Q6781634
전주 이씨	길성령파	길성령파	吉城令派		효령대군파		길성령		97	
전주 이씨	희천수파	희천수파	熙川守派		효령대군파		희천수		74	
전주 이씨	추천령파	추천령파	楸川令派		효령대군파		추천령		55	
전주 이씨	은언군파	은언군파	恩彦君派				은언군		50	wd:Q4798385
전주 이씨	영풍군파	영풍군파	永豊君派				영풍군		47	ex:person:영풍군
전주 이씨	반남수파	반남수파	潘南守派		효령대군파		반남수		44	
전주 이씨	은전군파	은전군파	恩全君派				은전군		26	wd:Q626312
전주 이씨	경원부수파	경원부수파	慶源副守派		효령대군파		경원부수		25	
전주 이씨	평원대군파	평원대군파	平原大君派				평원대군		8	wd:Q12621807
전주 이씨	금평군파	금평군파	桂城君派				금평군		5	wd:Q16171034
전주 이씨	경성령파	경성령파	鏡城令派		효령대군파		경성령		3	
전주 이씨	순화군파	순화군파	順和君派				순화군		3	wd:Q492616
전주 이씨	능풍군파	능풍군파	綾豐君派				능풍군		1	wd:Q27954157
전주 이씨	영창대군파	영창대군파	永昌大君派				영창대군		1	wd:Q623886
전주 이씨	인성대군파	인성대군파	仁城大君派				인성대군		1	wd:Q12613396
김해 김씨	경파	경파	京派	금녕군파			김목경	金牧卿		
김해 김씨	참판공파	참판공파 (경파)	參判公派		경파		김영견	金永堅		
김해 김씨	횡성공파	횡성공파	橫城公派		경파		김영서	金永瑞		
김해 김씨	안경공파	안경공파	安敬公派		경파		김영정	金永貞		
김해 김씨	석성공파	석성공파	石城公派		경파		김영순	金永純		
김해 김씨	호참공파	호참공파	戶參公派		경파		김진서	金震敍		
김해 김씨	참찬공파	참찬공파	參贊公派		경파		김달문	金達門		
김해 김씨	봉상공파	봉상공파	奉常公派		경파		김현문	金顯門		
김해 김씨	밀직사공파	밀직사공파	密直使公派		경파		김창문	金昌門		
김해 김씨	문간공파	문간공파	文簡公派		경파		김저	金著		
김해 김씨	밀직공파	밀직공파	密直公派		경파		김수	金秀		
김해 김씨	평장사공파	평장사공파 (김해 김씨)	平章事公派		경파		김난	金蘭		
김해 김씨	사군파	사군파	四君派	감무공파			김익경	金益卿		
김해 김씨	생원공파	생원공파 (김련)	生員公派		사군파		김련	金鍊		
김해 김씨	도총관공파	도총관공파 (사군파)	都摠管公派		사군파		김추	金錘		
김해 김씨	생원공파	생원공파 (김구)	生員公派		사군파		김구	金銶		
김해 김씨	찬성공파	찬성공파	贊成公派		사군파		김석	金錫		
김해 김씨	상서공파	상서공파 (사군파)	尙書公派		사군파		김감	金鑑		
김해 김씨	공간공파	공간공파	恭簡公派		사군파		김조	金銚		
김해 김씨	삼현파	삼현파	三賢派	판도판서공파			김관	金管		wd:Q135630438
김해 김씨	군수공파	군수공파	郡守公派		삼현파		김건	金建		
김해 김씨	참판공파	참판공파 (삼현파)	參判公派		삼현파		김맹	金孟		
김해 김씨	한림공파	한림공파 (삼현파)	翰林公派		삼현파		김용	金勇		
김해 김씨	진사공파	진사공파 (삼현파)	進士公派		삼현파		김순	金順		
김해 김씨	녹사공파	녹사공파	錄事公派		삼현파		김인	金靭		
김해 김씨	진의공파	진의공파	進義公派		삼현파		김현	金鉉		
김해 김씨	판서공파	판서공파 (정국계)	判書公派			정국계	김유공	金維公		
김해 김씨	부호군공파	부호군공파 (정국계)	副護軍公派			정국계	김거공	金巨公		
김해 김씨	우후공파	우후공파	虞侯公派			정국계	김옥진	金玉振		
김해 김씨	승사랑공파	승사랑공파	承仕郞公派			정국계	김지서	金之瑞		
김해 김씨	부정공파	부정공파	副正公派			정국계	김평	金平		
김해 김씨	판도판서공파	판도판서공파	版圖判書公派			정국계	김첨검	金添釰		
김해 김씨	록사공파	록사공파	錄事公派			서지계	김소	金炤		
김해 김씨	판전공파	판전공파	判典公派			상현계	김명택	金明澤		
김해 김씨	판서공파	판서공파 (상현계)	判書公派			상현계	김불비	金不比		
김해 김씨	좌정승공파	좌정승공파	左政丞公派			상현계	김만희	金萬希		
김해 김씨	참봉공파	참봉공파 (상현계)	参奉公派			상현계	김인서	金鱗瑞		
김해 김씨	숭정공파	숭정공파	崇政公派			상현계	김종정	金宗貞		
김해 김씨	상서공파	상서공파 (상현계)	尙書公派			상현계	김홍보	金洪寶		
김해 김씨	부호군공파	부호군공파 (상현계)	副護軍公派			상현계	김천익	金天翼		
김해 김씨	판결사공파	판결사공파	判決事公派			상현계	김을동	金乙棟		
김해 김씨	단련사공파	단련사공파	團鍊使公派			상현계	김경	金慶		
김해 김씨	진사공파	진사공파 (상현계)	進士公派			상현계	김건	金虔		
김해 김씨	좌윤공파	좌윤공파	左尹公派			상현계	김국담	金國潭		
김해 김씨	충정공파	충정공파 (상현계)	忠精公派			상현계	김이장	金以障		
김해 김씨	참봉공파	참봉공파 (상인계)	叅奉公派			상인계	김청유	金淸有		
김해 김씨	유수공파	유수공파	留守公派			상인계	김운	金芸		
김해 김씨	운은공파	운은공파	雲隱公派			진의계	김대진	金大震		
김해 김씨	율은공파	율은공파	栗隱公派			진의계	김손	金遜		
김해 김씨	승지공파	승지공파	承旨公派			진의계	김간	金侃		
김해 김씨	문경공파	문경공파	文敬公派			진의계	김탁	金琢		
김해 김씨	부사공파	부사공파	府使公派			진의계	김근	金瑾		
김해 김씨	한림공파	한림공파 (진의계)	翰林公派			진의계	김관	金王+寬		
김해 김씨	충정공파	충정공파 (진의계)	忠貞公派			진의계	김구	金球		
김해 김씨	도사공파	도사공파 (김연)	都事公派			진의계	김연	金璉		
김해 김씨	승정공파	승정공파	承政公派			진의계	김현	金現		
김해 김씨	휴은공파	휴은공파	休隱公派			진의계	김호	金琥		
김해 김씨	장사군파	장사군파	長沙郡派			진의계	김선(金璘) → 무장 김씨			
김해 김씨	도사공파	도사공파 (김린)	都事公派			진의계	김린	金璘		
김해 김씨	대제학공파	대제학공파	大提學公派			진의계	김득하	金得河		
김해 김씨	동정공파	동정공파	同正公派			진의계	김호	金灝		
김해 김씨	금성군파	금성군파	金城君派			진의계	김도	金濤		
김해 김씨	도총관공파	도총관공파 (진의계)	都總管公派			진의계	김경신	金敬臣		
김해 김씨	판윤공파	판윤공파	判尹公派			진의계	김경보	金敬輔		
김해 김씨	충경공파	충경공파	忠景公派			천여계	김대리	金大理		
김해 김씨	첨정공파	첨정공파	僉正公派			천여계	김덕휴	金德休		
전주 이씨	효령대군파	효령대군파	孝寧大君派				효령대군	孝寧大君		wd:Q483255
전주 이씨	양녕대군파	양녕대군파	讓寧大君派				양녕대군	讓寧大君		wd:Q486251
